{
  "MH_01_easy": {
    "rmse": 0.5399271038853605,
    "mean": 0.39913897921591324,
    "median": 0.26225866279644366,
    "max": 1.5942270931677496,
    "min": 0.020754846053394848,
    "n": 2841,
    "scale": 1.0,
    "poses": 2862,
    "wall_s": 144.1207458972931
  },
  "MH_02_easy": {
    "rmse": 0.37706156172230665,
    "mean": 0.316888290264629,
    "median": 0.2736263343909977,
    "max": 1.1168646239551507,
    "min": 0.024774775999848005,
    "n": 2798,
    "scale": 1.0,
    "poses": 2820,
    "wall_s": 142.10482025146484
  },
  "MH_03_medium": {
    "rmse": 0.17288999102613073,
    "mean": 0.15939352440999802,
    "median": 0.14728049937804608,
    "max": 0.3371785152302627,
    "min": 0.02389959361054686,
    "n": 2459,
    "scale": 1.0,
    "poses": 2481,
    "wall_s": 125.29680395126343
  },
  "MH_04_difficult": {
    "rmse": 0.8977848512536845,
    "mean": 0.7105666460808847,
    "median": 0.514360772459268,
    "max": 2.5442504973466984,
    "min": 0.14207483713154606,
    "n": 1976,
    "scale": 1.0,
    "poses": 2011,
    "wall_s": 101.61023306846619
  },
  "MH_05_difficult": {
    "rmse": 0.9160521862790587,
    "mean": 0.73928815242495,
    "median": 0.5297479147230437,
    "max": 2.529787404173069,
    "min": 0.1419340771775832,
    "n": 2222,
    "scale": 1.0,
    "poses": 2252,
    "wall_s": 114.71967816352844
  }
}