{
  "MH_01_easy": {
    "rmse": 0.08530868386654859,
    "mean": 0.07716165499397848,
    "median": 0.07270774499724725,
    "max": 0.192203605981831,
    "min": 0.002444668265550468,
    "n": 2841,
    "scale": 1.0,
    "poses": 2862,
    "wall_s": 149.98195385932922
  },
  "MH_02_easy": {
    "rmse": 0.24440382077260367,
    "mean": 0.2210967278742933,
    "median": 0.20733632576260866,
    "max": 0.5594142390736104,
    "min": 0.021158736910284623,
    "n": 2798,
    "scale": 1.0,
    "poses": 2820,
    "wall_s": 144.88792848587036
  },
  "MH_03_medium": {
    "rmse": 0.2753918903252143,
    "mean": 0.2283963745045171,
    "median": 0.20253607549804972,
    "max": 1.1175787363768774,
    "min": 0.006742521057386512,
    "n": 2459,
    "scale": 1.0,
    "poses": 2481,
    "wall_s": 125.06444096565247
  },
  "MH_04_difficult": {
    "rmse": 0.575089914117178,
    "mean": 0.5450354174639456,
    "median": 0.5875509479684612,
    "max": 1.0133725039300572,
    "min": 0.1397688004657893,
    "n": 1976,
    "scale": 1.0,
    "poses": 2011,
    "wall_s": 102.48886513710022
  },
  "MH_05_difficult": {
    "rmse": 0.8203956584022033,
    "mean": 0.6213248182232793,
    "median": 0.39810463736954177,
    "max": 2.231305507743916,
    "min": 0.1031975131122479,
    "n": 2222,
    "scale": 1.0,
    "poses": 2252,
    "wall_s": 113.89169335365295
  }
}